{"cameraMode":{"drawMode":0,"name":"Shaded","section":"Shading Mode"},"sceneLighting":true,"audioPlay":false,"sceneViewState":{"m_AlwaysRefresh":false,"showFog":true,"showSkybox":true,"showFlares":true,"showImageEffects":true,"showParticleSystems":true,"showVisualEffectGraphs":true,"m_FxEnabled":true},"in2DMode":false,"pivot":{"x":-28.109867095947267,"y":13.895393371582032,"z":155.52967834472657},"rotation":{"x":0.13339543342590333,"y":-0.016357053071260454,"z":0.0021999962627887727,"w":0.9909370541572571},"size":84.821533203125,"orthographic":true}