{"cameraMode":{"drawMode":0,"name":"Shaded","section":"Shading Mode"},"sceneLighting":false,"audioPlay":false,"sceneViewState":{"m_AlwaysRefresh":false,"showFog":true,"showSkybox":false,"showFlares":true,"showImageEffects":true,"showParticleSystems":true,"showVisualEffectGraphs":true,"m_FxEnabled":true},"in2DMode":false,"pivot":{"x":-0.002717256546020508,"y":-1.0555644035339356,"z":5.147499084472656},"rotation":{"x":-0.1274460405111313,"y":-0.015772005543112756,"z":0.0020270671229809524,"w":-0.991719663143158},"size":1.7780938148498536,"orthographic":false}